payment_type,avg_payment_value
credit_card,180.88803515625
boleto,176.65028761607363
debit_card,151.45112458654907
voucher,64.79775462283534
not_defined,0.0
unknown,
