payment_type,avg_payment_value
credit_card,180.12469519483625
boleto,177.05755507791508
debit_card,151.06814389590508
voucher,66.51983286061589
not_defined,0.0
unknown,
