review_score,avg_delay_days
1.0,-5.149633481077395
2.0,-9.045296167247386
3.0,-10.79504220110321
4.0,-12.345143895434031
5.0,-13.37825533049567
,-6.435676392572944
