review_score,avg_delay_days
1.0,-5.249626679940269
2.0,-8.87732342007435
3.0,-10.708325247428682
4.0,-12.290349911039566
5.0,-13.370682247808903
,-6.542074363992172
